{"cameraMode":{"drawMode":0,"name":"Shaded","section":"Shading Mode"},"sceneLighting":true,"audioPlay":false,"sceneViewState":{"showFog":true,"showMaterialUpdate":false,"showSkybox":true,"showFlares":true,"showImageEffects":true,"showParticleSystems":true},"in2DMode":false,"pivot":{"x":4.4848504066467289,"y":0.003186544170603156,"z":2.20471453666687},"rotation":{"x":-0.18467450141906739,"y":-0.6549561023712158,"z":-0.1696866750717163,"w":0.7128465175628662},"size":4.213899612426758,"orthographic":true}